<?xml version="1.0" encoding="UTF-8"?>
<!DOCTYPE mapper PUBLIC "-//mybatis.org//DTD Mapper 3.0//EN" "http://mybatis.org/dtd/mybatis-3-mapper.dtd">
<mapper namespace="com.gamePro.dal.mapper.ZyTableMapperExt">
  <resultMap id="BaseResultMap" type="com.gamePro.dal.model.ZyTable">
    <!--
      WARNING - @mbg.generated
      This element is automatically generated by MyBatis Generator, do not modify.
    -->
    <id column="ID" jdbcType="BIGINT" property="id" />
    <result column="IS_DELETED" jdbcType="CHAR" property="isDeleted" />
    <result column="GMT_CREATE" jdbcType="TIMESTAMP" property="gmtCreate" />
    <result column="CREATOR" jdbcType="VARCHAR" property="creator" />
    <result column="GMT_MODIFIED" jdbcType="TIMESTAMP" property="gmtModified" />
    <result column="MODIFIER" jdbcType="VARCHAR" property="modifier" />
    <result column="my_name" jdbcType="VARCHAR" property="myName" />
    <result column="my_year" jdbcType="BIGINT" property="myYear" />
  </resultMap>
  <sql id="Example_Where_Clause">
    <!--
      WARNING - @mbg.generated
      This element is automatically generated by MyBatis Generator, do not modify.
    -->
    <if test="valid">
      <foreach close=")" collection="oredCriteria" item="criteria" open="and (" separator="or">
        <if test="criteria.valid">
          <trim prefix="(" prefixOverrides="and" suffix=")">
            <foreach collection="criteria.criteria" item="criterion">
              <choose>
                <when test="criterion.noValue">
                  and ${criterion.condition}
                </when>
                <when test="criterion.singleValue">
                  and ${criterion.condition} #{criterion.value}
                </when>
                <when test="criterion.betweenValue">
                  and ${criterion.condition} #{criterion.value} and #{criterion.secondValue}
                </when>
                <when test="criterion.listValue">
                  and ${criterion.condition}
                  <foreach close=")" collection="criterion.value" item="listItem" open="(" separator=",">
                    #{listItem}
                  </foreach>
                </when>
              </choose>
            </foreach>
          </trim>
        </if>
      </foreach>
    </if>
  </sql>
  <sql id="Base_Column_List">
    <!--
      WARNING - @mbg.generated
      This element is automatically generated by MyBatis Generator, do not modify.
    -->
    ID, IS_DELETED, GMT_CREATE, CREATOR, GMT_MODIFIED, MODIFIER, my_name, my_year
  </sql>
  <select id="selectByExample" parameterType="com.gamePro.dal.model.ZyTableExample" resultMap="BaseResultMap">
    <!--
      WARNING - @mbg.generated
      This element is automatically generated by MyBatis Generator, do not modify.
    -->
    select
    <if test="distinct">
      distinct
    </if>
    <include refid="Base_Column_List" />
    from zy_table
     where is_deleted = 'n' 
    <if test="_parameter != null">
      <include refid="Example_Where_Clause" />
    </if>
    <if test="orderByClause != null">
      order by ${orderByClause}
    </if>
    <include refid="MysqlPagination" />
  </select>
  <select id="selectByPrimaryKey" parameterType="java.lang.Long" resultMap="BaseResultMap">
    <!--
      WARNING - @mbg.generated
      This element is automatically generated by MyBatis Generator, do not modify.
    -->
    select 
    <include refid="Base_Column_List" />
    from zy_table
    where ID = #{id,jdbcType=BIGINT}
    and is_deleted = 'n'
  </select>
  <update id="deleteByPrimaryKey" parameterType="com.gamePro.dal.model.ZyTable">
    <!--
      WARNING - @mbg.generated
      This element is automatically generated by MyBatis Generator, do not modify.
    -->
    update zy_table set is_deleted = 'y',modifier=#{modifier,jdbcType=VARCHAR},gmt_modified=#{gmtModified,jdbcType=TIMESTAMP} where id = #{id,jdbcType=INTEGER}
  </update>
  <insert id="insertMapSelective" keyColumn="ID" keyProperty="id" parameterType="java.util.Map" useGeneratedKeys="true">
    <!--
      WARNING - @mbg.generated
      This element is automatically generated by MyBatis Generator, do not modify.
    -->
    <include refid="Insert_Column" />
  </insert>
  <insert id="insertSelective" keyColumn="ID" keyProperty="id" parameterType="com.gamePro.dal.model.ZyTable" useGeneratedKeys="true">
    <!--
      WARNING - @mbg.generated
      This element is automatically generated by MyBatis Generator, do not modify.
    -->
    <include refid="Insert_Column" />
  </insert>
  <select id="countByExample" parameterType="com.gamePro.dal.model.ZyTableExample" resultType="java.lang.Long">
    <!--
      WARNING - @mbg.generated
      This element is automatically generated by MyBatis Generator, do not modify.
    -->
    select count(*) from zy_table
     where is_deleted = 'n' 
    <if test="_parameter != null">
      <include refid="Example_Where_Clause" />
    </if>
  </select>
  <update id="updateByPrimaryKeySelective" parameterType="com.gamePro.dal.model.ZyTable">
    <!--
      WARNING - @mbg.generated
      This element is automatically generated by MyBatis Generator, do not modify.
    -->
    update zy_table
    <set>
      <if test="gmtModified != null">
        GMT_MODIFIED = #{gmtModified,jdbcType=TIMESTAMP},
      </if>
      <if test="modifier != null">
        MODIFIER = #{modifier,jdbcType=VARCHAR},
      </if>
      <if test="myName != null">
        my_name = #{myName,jdbcType=VARCHAR},
      </if>
      <if test="myYear != null">
        my_year = #{myYear,jdbcType=BIGINT},
      </if>
    </set>
    where ID = #{id,jdbcType=BIGINT}
    and is_deleted = 'n'
  </update>
  <sql id="Insert_Column">
    <!--
      WARNING - @mbg.generated
      This element is automatically generated by MyBatis Generator, do not modify.
    -->
    insert into zy_table
    <trim prefix="(" suffix=")" suffixOverrides=",">
      <if test="isDeleted != null">
        IS_DELETED,
      </if>
      <if test="gmtCreate != null">
        GMT_CREATE,
      </if>
      <if test="creator != null">
        CREATOR,
      </if>
      <if test="gmtModified != null">
        GMT_MODIFIED,
      </if>
      <if test="modifier != null">
        MODIFIER,
      </if>
      <if test="myName != null">
        my_name,
      </if>
      <if test="myYear != null">
        my_year,
      </if>
    </trim>
    <trim prefix="values (" suffix=")" suffixOverrides=",">
      <if test="isDeleted != null">
        #{isDeleted,jdbcType=CHAR},
      </if>
      <if test="gmtCreate != null">
        #{gmtCreate,jdbcType=TIMESTAMP},
      </if>
      <if test="creator != null">
        #{creator,jdbcType=VARCHAR},
      </if>
      <if test="gmtModified != null">
        #{gmtModified,jdbcType=TIMESTAMP},
      </if>
      <if test="modifier != null">
        #{modifier,jdbcType=VARCHAR},
      </if>
      <if test="myName != null">
        #{myName,jdbcType=VARCHAR},
      </if>
      <if test="myYear != null">
        #{myYear,jdbcType=BIGINT},
      </if>
    </trim>
  </sql>
  <sql id="MysqlPagination">
    <!--
      WARNING - @mbg.generated
      This element is automatically generated by MyBatis Generator, do not modify.
    -->
    <if test="page != null">
      <![CDATA[ limit #{page.begin}, #{page.length} ]]>
    </if>
  </sql>
  <resultMap id="BaseResultMap" type="com.gamePro.dal.model.ZyTable">
    123
    <!--
      WARNING - @mbg.generated
      This element is automatically generated by MyBatis Generator, do not modify.
    -->
    <id column="ID" jdbcType="BIGINT" property="id" />
    <result column="IS_DELETED" jdbcType="CHAR" property="isDeleted" />
    <result column="GMT_CREATE" jdbcType="TIMESTAMP" property="gmtCreate" />
    <result column="CREATOR" jdbcType="VARCHAR" property="creator" />
    <result column="GMT_MODIFIED" jdbcType="TIMESTAMP" property="gmtModified" />
    <result column="MODIFIER" jdbcType="VARCHAR" property="modifier" />
    <result column="my_name" jdbcType="VARCHAR" property="myName" />
    <result column="my_year" jdbcType="BIGINT" property="myYear" />
  </resultMap>
</mapper>